{
  "parent": "minecraft:item/generated",
  "textures": {
    "layer0": "smpitems:item/teleportation_device"
  },
  "display": {
    "thirdperson_righthand": {
      "rotation": [ 0, 0, 0 ],
      "translation": [ 0, 2.8, 0 ],
      "scale": [ 0.55, 0.55, 0.55 ]
    },
    "thirdperson_lefthand": {
      "rotation": [ 0, 0, 0 ],
      "translation": [ 0, 2.8, 0 ],
      "scale": [ 0.55, 0.55, 0.55 ]
    },
    "firstperson_righthand": {
      "rotation": [ 0, 170, -5 ],
      "translation": [ 7.2, 2.8, -11 ],
      "scale": [ 1.25, 1.25, 1.25 ]
    },
    "firstperson_lefthand": {
      "rotation": [ 180, 190, -185 ],
      "translation": [ 8.2, 2.8, -11 ],
      "scale": [ 1.25, 1.25, 1.25 ]
    }
  }
}